City_ID,City,Cloudiness,Country,Date,Humidity,Lat,Long,Max Temp,Wind Speed
0,kapaa,40.0,US,1621176648.0,73.0,22.0752,-159.319,70.79,20.71
1,panguna,100.0,PG,1621176653.0,94.0,-6.3164,155.4848,68.63,2.8
2,saskylakh,100.0,RU,1621176658.0,93.0,71.9167,114.0833,17.87,16.71
3,bredasdorp,51.0,ZA,1621176663.0,63.0,-34.5322,20.0403,60.8,10.36
4,ostrovnoy,100.0,RU,1621176669.0,86.0,68.0531,39.5131,34.97,10.0
5,luzhany,100.0,UA,1621176674.0,67.0,48.3649,25.7717,66.33,13.4
6,necochea,98.0,AR,1621176684.0,77.0,-38.5473,-58.7368,60.01,1.99
7,puerto ayora,75.0,EC,1621176689.0,88.0,-0.7393,-90.3518,76.37,11.5
8,albany,93.0,US,1621176695.0,27.0,42.6001,-73.9662,71.33,3.56
9,arraial do cabo,20.0,BR,1621176564.0,69.0,-22.9661,-42.0278,77.0,6.91
10,qaanaaq,99.0,GL,1621176705.0,78.0,77.484,-69.3632,32.83,8.03
11,talara,75.0,PE,1621176710.0,83.0,-4.5772,-81.2719,69.8,12.66
12,port alfred,22.0,ZA,1621176422.0,60.0,-33.5906,26.891,63.18,22.39
13,namibe,0.0,AO,1621176726.0,45.0,-15.1961,12.1522,87.8,13.8
14,gizo,98.0,SB,1621176736.0,76.0,-8.103,156.8419,82.94,5.53
15,avera,1.0,US,1621176741.0,43.0,33.194,-82.5271,71.73,6.91
16,khatanga,34.0,RU,1621176746.0,96.0,71.9667,102.5,10.4,5.12
17,butaritari,100.0,KI,1621176752.0,79.0,3.0707,172.7902,82.45,15.9
18,busselton,100.0,AU,1621176757.0,66.0,-33.65,115.3333,63.46,3.0
19,pacific grove,94.0,US,1621176762.0,87.0,36.6177,-121.9166,51.19,6.17
20,makasar,20.0,ID,1621176767.0,100.0,-5.14,119.4221,77.0,2.3
21,qinhuangdao,100.0,CN,1621176773.0,38.0,39.9317,119.5883,60.21,5.5
22,rikitea,87.0,PF,1621176778.0,66.0,-23.1203,-134.9692,74.44,13.78
23,saint-philippe,0.0,RE,1621176783.0,73.0,-21.3585,55.7679,74.73,3.44
24,tarsus,40.0,TR,1621176789.0,60.0,36.9188,34.8784,76.06,10.36
25,souillac,10.0,MU,1621176794.0,70.0,-20.5167,57.5167,78.01,7.0
26,chokurdakh,94.0,RU,1621176799.0,95.0,70.6333,147.9167,17.51,7.14
27,isangel,10.0,VU,1621176804.0,86.0,-19.55,169.2667,75.97,5.99
28,puerto colombia,75.0,CO,1621176810.0,74.0,10.9878,-74.9547,86.0,2.3
29,port hardy,90.0,CA,1621176825.0,93.0,50.6996,-127.4199,49.3,2.3
30,airai,54.0,TL,1621176830.0,83.0,-8.9266,125.4092,55.98,3.11
31,birjand,0.0,IR,1621176835.0,6.0,32.8663,59.2211,82.4,4.61
32,faya,20.0,SA,1621176841.0,21.0,18.3851,42.4509,81.5,9.22
33,hambantota,20.0,LK,1621176846.0,84.0,6.1241,81.1185,86.0,4.61
34,provideniya,30.0,RU,1621176851.0,89.0,64.3833,-173.3,31.95,1.45
35,praia da vitoria,20.0,PT,1621176856.0,78.0,38.7333,-27.0667,68.16,11.14
36,thompson,90.0,CA,1621176862.0,93.0,55.7435,-97.8558,46.4,10.36
37,iqaluit,90.0,CA,1621176867.0,86.0,63.7506,-68.5145,24.39,9.22
38,vaini,40.0,TO,1621176872.0,88.0,-21.2,-175.2,75.2,6.91
39,wladyslawowo,40.0,PL,1621176878.0,77.0,54.7909,18.4009,58.32,6.91
40,marshall,1.0,US,1621176802.0,46.0,34.3834,-86.3333,69.19,4.61
41,lerwick,75.0,GB,1621176893.0,81.0,60.1545,-1.1494,50.0,8.05
42,puerto escondido,75.0,MX,1621176898.0,83.0,15.85,-97.0667,80.6,5.75
43,hobart,40.0,AU,1621176903.0,65.0,-42.8794,147.3294,42.98,9.22
44,praia,0.0,CV,1621176909.0,57.0,14.9215,-23.5087,78.8,20.71
45,haines junction,100.0,CA,1621176914.0,74.0,60.7522,-137.5108,32.0,3.44
46,mataura,93.0,NZ,1621176920.0,81.0,-46.1927,168.8643,42.01,5.99
47,tiksi,47.0,RU,1621176925.0,99.0,71.6872,128.8694,22.68,2.08
48,gasa,14.0,PS,1621176931.0,33.0,31.5,34.4667,83.23,5.01
49,punta arenas,90.0,CL,1621176936.0,93.0,-53.15,-70.9167,44.29,11.5
50,zhezkazgan,54.0,KZ,1621176941.0,29.0,47.8043,67.7144,73.87,7.85
51,the valley,20.0,AI,1621176946.0,70.0,18.217,-63.0578,84.9,14.97
52,khuzdar,99.0,PK,1621176952.0,40.0,27.7384,66.6434,74.34,1.03
53,prince george,90.0,CA,1621176957.0,93.0,53.9166,-122.75299999999999,51.71,2.3
54,hithadhoo,58.0,MV,1621176962.0,69.0,-0.6,73.0833,85.24,15.55
55,hermanus,75.0,ZA,1621176978.0,78.0,-34.4187,19.2345,59.0,1.99
56,chuy,100.0,UY,1621176983.0,53.0,-33.6971,-53.4616,62.17,3.71
57,makakilo city,40.0,US,1621176988.0,68.0,21.3469,-158.0858,71.24,3.44
58,bluff,100.0,NZ,1621176993.0,81.0,-46.6,168.3333,42.01,5.99
59,jamestown,1.0,US,1621176999.0,47.0,42.097,-79.2353,60.75,8.05
60,port elizabeth,0.0,ZA,1621177004.0,67.0,-33.918,25.5701,60.8,27.63
61,katsuura,100.0,JP,1621177009.0,96.0,35.1333,140.3,68.2,1.01
62,lebu,42.0,CL,1621177019.0,59.0,-37.6167,-73.65,55.76,5.3
63,krasnyy chikoy,53.0,RU,1621177025.0,79.0,50.3643,108.7512,46.0,0.51
64,new norfolk,53.0,AU,1621177030.0,83.0,-42.7826,147.0587,40.59,1.99
65,port lincoln,73.0,AU,1621177035.0,69.0,-34.7333,135.8667,57.52,5.37
66,castro,0.0,BR,1621177040.0,57.0,-24.7911,-50.0119,67.86,3.13
67,ilulissat,75.0,GL,1621177046.0,64.0,69.2167,-51.1,35.6,3.44
68,ialibu,100.0,PG,1621177051.0,97.0,-6.2821,143.9935,58.48,2.08
69,hilo,40.0,US,1621176834.0,60.0,19.7297,-155.09,66.56,3.44
70,goure,77.0,NE,1621177061.0,8.0,13.9835,10.2704,106.0,10.0
71,cherskiy,99.0,RU,1621177067.0,87.0,68.75,161.3,28.35,5.5
72,havoysund,75.0,NO,1621177072.0,100.0,70.9963,24.6622,33.8,10.36
73,deputatskiy,100.0,RU,1621177077.0,97.0,69.3,139.9,24.04,3.47
74,yuryev-polskiy,41.0,RU,1621177082.0,73.0,56.5,39.6833,65.57,11.77
75,saint-joseph,0.0,RE,1621177088.0,73.0,-21.3667,55.6167,74.57,3.44
76,bengkulu,100.0,ID,1621177093.0,90.0,-3.8004,102.2655,78.17,5.88
77,japura,100.0,ID,1621177098.0,97.0,-0.3167,102.35,76.19,3.38
78,lazarev,13.0,RU,1621177103.0,83.0,52.225,141.5131,34.05,6.71
79,georgetown,20.0,MY,1621176961.0,89.0,5.4112,100.3354,83.52,6.91
80,ushuaia,40.0,AR,1621177114.0,65.0,-54.8,-68.3,44.6,5.75
81,mao,0.0,ES,1621177119.0,50.0,39.8885,4.2658,77.0,10.36
82,westport,1.0,US,1621176943.0,45.0,41.1415,-73.3579,68.92,6.91
83,atuona,2.0,PF,1621177129.0,67.0,-9.8,-139.0333,78.87,15.95
84,eyl,100.0,SO,1621177134.0,53.0,7.9803,49.8164,90.72,19.08
85,dunedin,51.0,NZ,1621177140.0,84.0,-45.8742,170.5036,44.01,1.99
86,toktogul,4.0,KG,1621177145.0,44.0,41.8708,72.9402,60.48,3.02
87,lata,75.0,PT,1621177150.0,94.0,40.1629,-8.3327,67.32,8.05
88,quarai,100.0,BR,1621177156.0,56.0,-30.3875,-56.4514,67.6,2.42
89,longyearbyen,20.0,SJ,1621177161.0,63.0,78.2186,15.6401,24.8,3.44
90,caravelas,100.0,BR,1621177166.0,54.0,-17.7125,-39.2481,79.29,8.7
91,berea,90.0,US,1621177093.0,42.0,41.3662,-81.8543,63.03,3.44
92,ajdabiya,35.0,LY,1621177176.0,53.0,30.7554,20.2263,71.74,19.44
93,grand baie,11.0,MU,1621177182.0,70.0,-20.0182,57.5802,78.01,5.99
94,marsh harbour,96.0,BS,1621177187.0,67.0,26.5412,-77.0636,75.58,18.21
95,amapa,100.0,BR,1621177192.0,84.0,1.0,-52.0,76.6,2.91
96,turinskaya sloboda,67.0,RU,1621177197.0,29.0,57.6232,64.3858,81.07,10.11
97,yulara,2.0,AU,1621177209.0,54.0,-25.2406,130.9889,51.8,6.91
98,novouzensk,17.0,RU,1621177214.0,36.0,50.4592,48.1431,83.37,8.34
99,gijon,100.0,ES,1621177020.0,59.0,43.5357,-5.6615,61.86,8.99
100,middle island,1.0,US,1621177225.0,37.0,40.8843,-72.9373,66.51,6.91
101,misratah,0.0,LY,1621177230.0,42.0,32.3754,15.0925,75.04,11.61
102,shimoda,100.0,JP,1621177235.0,91.0,34.6667,138.95,65.03,7.96
103,klaksvik,75.0,FO,1621177241.0,81.0,62.2266,-6.5889999999999995,50.0,11.5
104,kavaratti,100.0,IN,1621177246.0,80.0,10.5669,72.642,83.34,20.09
105,saint-leu,0.0,RE,1621177251.0,73.0,-21.15,55.2833,74.77,3.44
106,nikolskoye,40.0,RU,1621177262.0,52.0,59.7035,30.7861,62.42,11.18
107,aswan,0.0,EG,1621177272.0,7.0,24.0934,32.907,104.36,17.38
108,acari,28.0,PE,1621177277.0,49.0,-15.4311,-74.6158,77.31,5.68
109,bubaque,77.0,GW,1621177283.0,80.0,11.2833,-15.8333,77.94,8.37
110,maniitsoq,60.0,GL,1621177288.0,85.0,65.4167,-52.9,34.83,9.31
111,ancud,90.0,CL,1621177293.0,100.0,-41.8697,-73.8203,47.59,4.61
112,altay,65.0,CN,1621177304.0,43.0,47.8667,88.1167,59.79,4.85
113,sao filipe,56.0,CV,1621177309.0,62.0,14.8961,-24.4956,76.24,7.7
114,bud,75.0,US,1621177319.0,72.0,39.446999999999996,-86.1758,62.33,3.44
115,torbay,90.0,CA,1621177324.0,81.0,47.6666,-52.7314,43.09,21.85
116,barrow,90.0,US,1621177330.0,80.0,71.2906,-156.7887,24.8,12.66
117,kalmunai,84.0,LK,1621177335.0,73.0,7.4167,81.8167,84.13,3.98
118,cape town,75.0,ZA,1621177340.0,63.0,-33.9258,18.4232,61.39,9.22
119,den helder,75.0,NL,1621177346.0,82.0,52.9599,4.7593,55.15,10.36
120,brae,75.0,GB,1621177351.0,81.0,60.3964,-1.3530000000000002,50.0,10.36
121,homer,40.0,US,1621177361.0,93.0,59.6425,-151.5483,37.49,5.91
122,leningradskiy,100.0,RU,1621177366.0,94.0,69.3833,178.4167,27.91,7.65
123,mahebourg,17.0,MU,1621177372.0,70.0,-20.4081,57.7,78.01,5.99
124,urusha,72.0,RU,1621177377.0,66.0,54.05,122.9,42.28,6.15
125,tual,98.0,ID,1621177382.0,78.0,-5.6667,132.75,83.07,22.03
126,itarema,86.0,BR,1621177387.0,68.0,-2.9248,-39.9167,83.1,8.72
127,tasiilaq,21.0,GL,1621177393.0,64.0,65.6145,-37.6368,35.6,6.91
128,norman wells,75.0,CA,1621177398.0,65.0,65.282,-126.8329,41.0,16.11
129,tuatapere,96.0,NZ,1621177403.0,81.0,-46.1333,167.6833,42.01,5.99
130,marathon,20.0,US,1621177413.0,63.0,44.9,-89.7668,59.38,6.91
131,pevek,69.0,RU,1621177419.0,97.0,69.7008,170.3133,14.22,4.5
132,severo-kurilsk,100.0,RU,1621177424.0,92.0,50.6789,156.125,35.91,24.25
133,kodiak,90.0,US,1621177429.0,93.0,57.79,-152.4072,37.4,3.44
134,hasaki,75.0,JP,1621177435.0,100.0,35.7333,140.8333,69.93,9.22
135,sarangani,95.0,PH,1621177440.0,78.0,5.4033,125.4636,83.84,15.35
136,cap malheureux,12.0,MU,1621177445.0,70.0,-19.9842,57.6142,78.01,7.0
137,victoria,100.0,HK,1621177275.0,81.0,22.2855,114.1577,82.9,1.99
138,qostanay,75.0,KZ,1621177255.0,17.0,53.1667,63.5833,86.0,17.9
139,saint george,1.0,US,1621177460.0,15.0,37.1041,-113.5841,72.73,14.97
140,grindavik,0.0,IS,1621177466.0,42.0,63.8424,-22.4338,44.6,14.97
141,avarua,20.0,CK,1621177471.0,78.0,-21.2078,-159.775,75.2,5.75
142,inhambane,20.0,MZ,1621177476.0,78.0,-23.865,35.3833,82.18,6.91
143,san quintin,2.0,MX,1621177481.0,68.0,30.4833,-115.95,60.62,11.72
144,hervey bay,31.0,AU,1621177497.0,77.0,-25.2986,152.8535,55.99,3.0
145,west wendover,1.0,US,1621177215.0,44.0,40.7391,-114.0733,60.8,6.17
146,mar del plata,20.0,AR,1621177507.0,82.0,-38.0023,-57.5575,60.94,5.75
147,madison,1.0,US,1621177512.0,49.0,34.7334,-86.5667,70.72,10.36
148,port hedland,0.0,AU,1621177518.0,72.0,-20.3167,118.5667,64.4,6.91
149,ko samui,86.0,TH,1621177523.0,68.0,9.5357,99.9357,86.41,5.79
150,lavumisa,0.0,SZ,1621177528.0,37.0,-27.31,31.892,86.0,12.66
151,laguna,40.0,US,1621177533.0,76.0,38.421,-121.4238,56.59,12.66
152,ewa beach,1.0,US,1621177539.0,68.0,21.3156,-158.0072,71.24,5.75
153,yarada,20.0,IN,1621177549.0,84.0,17.65,83.2667,86.0,5.75
154,astoria,90.0,US,1621177554.0,87.0,46.1879,-123.8313,50.95,4.61
155,shingu,100.0,JP,1621177560.0,94.0,33.7333,135.9833,73.0,3.0
156,coaldale,75.0,CA,1621177565.0,47.0,49.7167,-112.6185,57.29,8.05
157,west plains,1.0,US,1621177570.0,73.0,36.7281,-91.8524,70.61,6.91
158,lasa,40.0,IT,1621177575.0,76.0,46.6166,10.7002,59.7,4.61
159,calmar,80.0,CA,1621177581.0,47.0,53.2668,-113.8187,59.0,4.61
160,thongwa,40.0,MM,1621177586.0,70.0,16.7619,96.5278,86.0,6.91
161,faanui,74.0,PF,1621177591.0,71.0,-16.4833,-151.75,81.25,16.06
162,puerto penasco,0.0,MX,1621177596.0,63.0,31.3167,-113.5333,73.0,5.99
163,bandarbeyla,77.0,SO,1621177602.0,57.0,9.4942,50.8122,89.47,20.69
164,ponta do sol,20.0,PT,1621177607.0,50.0,32.6667,-17.1,73.38,23.02
165,sitka,90.0,US,1621177617.0,81.0,57.0531,-135.33,42.8,8.05
166,saldanha,56.0,ZA,1621177622.0,52.0,-33.0117,17.9442,64.4,8.05
167,morros,99.0,BR,1621177628.0,45.0,-9.4467,-46.3003,84.58,8.55
168,esso,100.0,RU,1621177633.0,98.0,55.9333,158.7,32.99,6.58
169,alofi,8.0,NU,1621177638.0,100.0,-19.0595,-169.9187,73.4,5.75
170,oshawa,20.0,CA,1621177452.0,45.0,43.9001,-78.8496,62.6,2.3
171,doka,32.0,SD,1621177649.0,20.0,13.5167,35.7667,98.11,9.75
172,east london,20.0,ZA,1621177654.0,67.0,-33.0153,27.9116,62.6,16.11
173,nanortalik,85.0,GL,1621177659.0,73.0,60.1432,-45.2371,37.51,3.71
174,harper,100.0,LR,1621177664.0,70.0,4.375,-7.7169,84.36,7.54
175,bambous virieux,26.0,MU,1621177670.0,70.0,-20.3428,57.7575,78.01,7.0
176,trojes,0.0,AL,1621177675.0,46.0,41.756,19.962,71.6,5.75
177,carballo,80.0,ES,1621177452.0,64.0,43.213,-8.691,61.34,10.0
178,vladivostok,100.0,RU,1621177434.0,82.0,43.1056,131.8735,51.8,6.69
179,lagoa,100.0,PT,1621177690.0,89.0,39.05,-27.9833,63.81,15.12
180,bethel,40.0,US,1621177695.0,35.0,41.3712,-73.414,70.9,6.91
181,kruisfontein,1.0,ZA,1621177701.0,59.0,-34.0033,24.7314,61.0,7.0
182,wasilla,90.0,US,1621177690.0,81.0,61.5814,-149.4394,41.63,1.25
183,pervomayskoye,0.0,RU,1621177711.0,40.0,43.919,46.7102,72.37,23.2
184,dingle,99.0,PH,1621177716.0,82.0,10.9995,122.6711,79.93,7.07
185,kiunga,98.0,PG,1621177722.0,99.0,-6.1219,141.2906,73.89,1.21
186,kyzyl-suu,94.0,KG,1621177727.0,47.0,42.3414,78.0056,45.41,5.19
187,manali,96.0,IN,1621177732.0,79.0,13.1667,80.2667,85.17,11.5
188,san patricio,40.0,US,1621177737.0,78.0,28.017,-97.5169,78.03,10.36
189,ribeira grande,75.0,PT,1621177743.0,94.0,38.5167,-28.7,66.2,16.11
190,shetpe,0.0,KZ,1621177748.0,9.0,44.1667,52.1167,86.41,15.46
191,awassa,90.0,ET,1621177753.0,87.0,7.05,38.4667,66.15,4.92
192,abu kamal,78.0,SY,1621177758.0,9.0,34.4506,40.9171,98.85,11.95
193,estevan,1.0,CA,1621177745.0,39.0,49.1334,-102.9842,65.75,8.05
194,kone,41.0,NC,1621177769.0,88.0,-21.0595,164.8658,70.84,4.92
195,kaeo,56.0,NZ,1621177774.0,97.0,-35.1,173.7833,60.01,4.0
196,vostok,100.0,RU,1621177779.0,77.0,46.4856,135.8833,46.15,4.52
197,chapais,90.0,CA,1621177785.0,66.0,49.7834,-74.8492,50.0,4.61
198,sulangan,100.0,PH,1621177790.0,76.0,11.1373,123.7228,84.31,13.4
199,coquimbo,0.0,CL,1621177539.0,82.0,-29.9533,-71.3436,59.0,5.75
200,noicattaro,99.0,IT,1621177800.0,47.0,41.0338,16.9896,72.41,9.15
201,baculin,54.0,PH,1621177805.0,82.0,7.4525,126.5842,79.32,6.33
202,mamakan,100.0,RU,1621177811.0,68.0,57.8161,114.0028,34.66,4.99
203,norrtalje,75.0,SE,1621177816.0,58.0,59.758,18.705,54.3,12.66
204,constitucion,72.0,CL,1621177817.0,55.0,-35.3333,-72.4167,60.1,3.33
205,sakakah,0.0,SA,1621177831.0,6.0,29.9697,40.2064,100.4,9.22
206,yakeshi,65.0,CN,1621177836.0,52.0,49.2833,120.7333,53.82,8.52
207,vila velha,75.0,BR,1621177580.0,69.0,-20.3297,-40.2925,77.0,4.61
208,jacareacanga,99.0,BR,1621177847.0,48.0,-6.2222,-57.7528,89.44,4.59
209,kenai,90.0,US,1621177852.0,93.0,60.5544,-151.2583,38.43,4.09
210,zheleznodorozhnyy,0.0,RU,1621177857.0,43.0,55.7503,38.0042,73.47,2.24
211,todos santos,6.0,MX,1621177873.0,38.0,23.45,-110.2167,82.56,5.01
212,san cristobal,40.0,VE,1621177878.0,74.0,7.7669,-72.225,84.2,3.44
213,temiscaming,82.0,CA,1621177883.0,34.0,46.7212,-79.0971,64.4,2.3
214,wanning,10.0,CN,1621177888.0,91.0,18.8003,110.3967,81.37,7.49
215,kirakira,35.0,SB,1621177894.0,82.0,-10.4544,161.9205,80.74,7.31
216,saint-augustin,100.0,CA,1621177654.0,59.0,51.226000000000006,-58.6502,42.85,5.55
217,talnakh,100.0,RU,1621177904.0,96.0,69.4865,88.3972,21.61,5.1
218,tuktoyaktuk,20.0,CA,1621177909.0,80.0,69.4541,-133.0374,30.2,11.5
219,coihaique,75.0,CL,1621177915.0,87.0,-45.5752,-72.0662,41.0,6.91
220,santa rosa,20.0,PH,1621177920.0,66.0,14.3122,121.1114,85.32,10.36
221,mount isa,0.0,AU,1621177925.0,23.0,-20.7333,139.5,60.8,10.36
222,paamiut,14.0,GL,1621177930.0,53.0,61.994,-49.6678,37.36,8.93
223,baie-comeau,75.0,CA,1621177936.0,62.0,49.2168,-68.1489,51.8,8.05
224,cabo san lucas,1.0,MX,1621177809.0,56.0,22.8909,-109.9124,76.8,9.22
225,salur,5.0,IN,1621177946.0,66.0,18.5333,83.2167,86.2,6.08
226,basco,0.0,PH,1621177951.0,86.0,20.4487,121.9702,82.69,17.85
227,floro,75.0,NO,1621177956.0,87.0,61.5996,5.0328,50.0,12.66
228,esperance,99.0,AU,1621177962.0,67.0,-33.8667,121.9,55.4,10.36
229,darnah,7.0,LY,1621177967.0,70.0,32.766999999999996,22.6367,68.43,23.58
230,portland,1.0,US,1621177589.0,76.0,45.5234,-122.6762,54.97,3.44
231,payson,20.0,US,1621177880.0,58.0,40.0444,-111.7321,60.08,3.44
232,fortuna,90.0,US,1621177987.0,100.0,40.5982,-124.1573,47.62,3.02
233,xanlar,20.0,AZ,1621177993.0,21.0,40.5869,46.3158,80.6,9.22
234,srednekolymsk,15.0,RU,1621177998.0,94.0,67.45,153.6833,24.35,4.59
235,kaitangata,75.0,NZ,1621178008.0,77.0,-46.2817,169.8464,41.0,4.83
236,diphu,35.0,IN,1621178013.0,80.0,25.8333,93.4333,75.4,1.95
237,ust-nera,95.0,RU,1621178019.0,75.0,64.5667,143.2,38.84,4.79
238,huilong,100.0,CN,1621178024.0,84.0,31.8111,121.655,64.85,13.76
239,gat,6.0,IL,1621177863.0,35.0,31.61,34.7642,82.47,3.0
240,narsaq,20.0,GL,1621178034.0,14.0,60.9167,-46.05,50.0,6.91
241,vitoria,75.0,BR,1621178040.0,69.0,-20.3194,-40.3378,77.0,4.61
242,santarem,40.0,BR,1621177981.0,78.0,-2.4431,-54.7083,82.4,9.22
243,cockburn town,12.0,TC,1621177899.0,76.0,21.4612,-71.1419,79.72,10.29
244,mocuba,3.0,MZ,1621178055.0,63.0,-16.8392,36.9856,75.83,3.67
245,zhangye,100.0,CN,1621178060.0,37.0,38.9342,100.4517,59.72,7.0
246,berlevag,75.0,NO,1621178066.0,93.0,70.8578,29.0864,34.68,11.5
247,rajsamand,98.0,IN,1621178071.0,41.0,25.0667,73.8833,86.52,6.62
248,namatanai,100.0,PG,1621178076.0,80.0,-3.6667,152.4333,79.61,8.9
249,hirara,95.0,JP,1621178081.0,91.0,24.8,125.2833,79.74,16.73
250,monrovia,75.0,LR,1621178034.0,79.0,6.3005,-10.7969,86.0,9.22
251,lavrentiya,37.0,RU,1621178092.0,87.0,65.5833,-171.0,25.79,6.22
252,mansalay,67.0,PH,1621178097.0,80.0,12.5167,121.4,79.39,8.14
253,ardahan,76.0,TR,1621178102.0,67.0,41.1087,42.7022,59.68,4.99
254,ongole,53.0,IN,1621178109.0,76.0,15.5,80.05,86.47,16.49
255,hami,100.0,CN,1621178114.0,19.0,42.8,93.45,74.35,9.1
256,punuare,75.0,HN,1621178120.0,48.0,14.7333,-85.9667,86.0,4.38
257,aklavik,75.0,CA,1621178125.0,93.0,68.2191,-135.0107,32.0,5.75
258,torit,32.0,SS,1621178130.0,64.0,4.4133,32.5678,83.82,3.53
259,hamilton,90.0,US,1621178139.0,52.0,39.1834,-84.5333,64.38,6.91
260,jalu,4.0,LY,1621178145.0,12.0,29.0331,21.5482,88.86,16.82
261,atar,72.0,MR,1621178151.0,9.0,20.5169,-13.0499,101.79,5.82
262,padang,75.0,ID,1621178156.0,100.0,-0.9492,100.3543,75.2,5.75
263,dongkan,100.0,CN,1621178161.0,68.0,33.9997,119.8308,55.92,8.52
264,te anau,86.0,NZ,1621178167.0,88.0,-45.4167,167.7167,40.87,4.27
265,jining,100.0,CN,1621178172.0,57.0,35.405,116.5814,57.6,6.04
266,kitimat,100.0,CA,1621178118.0,96.0,54.0524,-128.6534,50.0,1.99
267,luena,0.0,AO,1621178182.0,34.0,-11.7833,19.9167,82.4,3.8
268,ravar,64.0,IR,1621178187.0,12.0,31.2656,56.8055,81.77,11.97
269,fairbanks,90.0,US,1621178105.0,87.0,64.8378,-147.7164,43.57,4.61
270,turmalina,98.0,BR,1621178198.0,45.0,-17.2856,-42.73,78.44,2.86
271,upernavik,100.0,GL,1621178208.0,93.0,72.7868,-56.1549,32.09,9.31
272,tuy hoa,24.0,VN,1621178213.0,89.0,13.0833,109.3,81.09,2.26
273,mirador,97.0,BR,1621178219.0,51.0,-6.3708,-44.3631,86.88,8.08
274,coahuayana,1.0,MX,1621178224.0,65.0,18.7333,-103.6833,80.6,2.1
275,arman,100.0,RU,1621178229.0,86.0,59.7,150.1667,35.35,21.74
276,bathurst,2.0,AU,1621178234.0,91.0,-33.4166,149.5806,30.99,3.74
277,goderich,94.0,CA,1621178240.0,58.0,43.7501,-81.7165,55.4,6.91
278,grand gaube,16.0,MU,1621178245.0,70.0,-20.0064,57.6608,78.01,8.01
279,xingyi,57.0,CN,1621178250.0,47.0,24.1877,102.81700000000001,69.75,3.29
280,poum,36.0,NC,1621178255.0,76.0,-20.2333,164.0167,76.8,19.33
281,kilimatinde,58.0,TZ,1621178261.0,45.0,-5.85,34.95,79.0,3.87
282,garza garcia,90.0,MX,1621178266.0,83.0,25.6667,-100.4,69.71,3.76
283,mubi,100.0,NG,1621178271.0,31.0,10.2676,13.2644,93.34,6.08
284,pueblo,1.0,US,1621178223.0,72.0,38.2545,-104.6091,60.26,4.61
285,bekhtery,75.0,UA,1621178282.0,77.0,46.251000000000005,32.2927,66.2,11.18
286,medea,0.0,DZ,1621178287.0,32.0,36.2642,2.7539,82.4,5.75
287,yellowknife,75.0,CA,1621178292.0,74.0,62.456,-114.3525,28.87,10.36
288,divnomorskoye,23.0,RU,1621178297.0,75.0,44.5011,38.1353,75.24,2.95
289,maun,0.0,BW,1621178303.0,23.0,-19.9833,23.4167,84.2,4.61
290,ossora,100.0,RU,1621178308.0,94.0,59.2353,163.0719,31.1,4.74
291,cidreira,50.0,BR,1621178313.0,69.0,-30.1811,-50.2056,67.1,2.24
292,dikson,100.0,RU,1621178318.0,76.0,73.5069,80.5464,26.29,14.14
293,loukhi,100.0,RU,1621178324.0,81.0,66.0764,33.0381,45.5,3.94
294,lucapa,28.0,AO,1621178329.0,41.0,-8.4192,20.7447,84.6,3.87
295,pirapemas,92.0,BR,1621178334.0,58.0,-3.7267,-44.2233,86.72,4.79
296,ahuimanu,90.0,US,1621178339.0,73.0,21.4447,-157.8378,71.56,12.66
297,samarai,99.0,PG,1621178345.0,82.0,-10.6167,150.6667,80.96,7.05
298,opotiki,100.0,NZ,1621178350.0,99.0,-38.0833,177.2833,55.0,4.38
299,paraiso,0.0,CR,1621178360.0,68.0,9.8383,-83.8656,70.7,4.52
300,bathsheba,75.0,BB,1621178366.0,54.0,13.2167,-59.5167,86.0,21.85
301,santa ana,90.0,US,1621178371.0,82.0,33.7456,-117.8678,57.54,5.75
302,seymchan,100.0,RU,1621178376.0,88.0,62.8833,152.4333,34.47,4.21
303,at-bashi,6.0,KG,1621178381.0,35.0,41.1702,75.8106,48.88,2.71
304,yurimaguas,40.0,PE,1621178387.0,89.0,-5.9,-76.0833,78.8,1.01
305,reconquista,17.0,AR,1621178392.0,58.0,-29.15,-59.65,71.01,2.59
306,litovko,0.0,RU,1621178397.0,69.0,49.2361,135.1742,50.58,6.6
307,sur,26.0,OM,1621178403.0,54.0,22.5667,59.5289,87.71,3.27
308,hofn,75.0,IS,1621178414.0,45.0,64.2539,-15.2082,42.8,25.32
309,ahipara,56.0,NZ,1621178419.0,93.0,-35.1667,173.1667,60.17,6.44
310,moerai,99.0,PF,1621178424.0,76.0,-22.4333,-151.3333,76.86,14.5
311,port augusta,40.0,AU,1621178429.0,93.0,-32.5,137.7667,42.94,6.91
312,umm lajj,0.0,SA,1621178435.0,53.0,25.0213,37.2685,84.58,6.24
313,zhicheng,100.0,CN,1621178440.0,90.0,30.2956,111.5047,61.0,2.71
314,qui nhon,20.0,VN,1621178445.0,88.0,13.7667,109.2333,82.26,1.45
315,otukpo,88.0,NG,1621178451.0,56.0,7.1913,8.1329,88.11,5.97
316,itum-kale,2.0,RU,1621178461.0,42.0,42.7356,45.5758,73.44,6.82
317,surt,0.0,LY,1621178466.0,43.0,31.2089,16.5887,72.64,11.14
318,college,75.0,US,1621178413.0,76.0,64.8569,-147.8028,43.32,3.44
319,arosa,90.0,CH,1621178476.0,76.0,46.7779,9.6762,49.59,18.41
320,geraldton,99.0,AU,1621178482.0,68.0,-28.7667,114.6,64.4,10.36
321,kosonsoy,28.0,UZ,1621178487.0,33.0,41.2561,71.5508,75.2,4.61
322,gornopravdinsk,58.0,RU,1621178497.0,65.0,60.05,69.9,63.68,3.49
323,bowen,0.0,AU,1621178503.0,94.0,-20.0167,148.2333,53.6,6.91
324,adrar,42.0,MR,1621178508.0,9.0,20.5022,-10.0711,103.86,5.32
325,sorong,100.0,ID,1621178513.0,86.0,-0.8833,131.25,79.34,5.35
326,atasu,61.0,KZ,1621178518.0,53.0,48.6814,71.6433,67.21,4.03
327,la palma,90.0,US,1621178524.0,100.0,33.8464,-118.0467,58.1,5.84
328,svetlyy,75.0,RU,1621178529.0,63.0,54.675,20.1347,61.12,13.42
329,laki,40.0,BG,1621178534.0,77.0,41.85,24.8167,62.6,6.91
330,carnarvon,97.0,AU,1621178539.0,94.0,-24.8667,113.6333,68.0,5.48
331,vestmannaeyjar,75.0,IS,1621178545.0,61.0,63.4427,-20.2734,42.8,6.91
332,kanniyakumari,100.0,IN,1621178362.0,77.0,8.0833,77.5667,81.86,15.46
333,aksha,63.0,RU,1621178555.0,57.0,50.2814,113.2867,50.92,3.76
334,flin flon,40.0,CA,1621178560.0,66.0,54.7682,-101.865,51.8,16.11
335,zhigansk,100.0,RU,1621178565.0,80.0,66.7697,123.3711,43.84,3.53
336,keti bandar,100.0,PK,1621178571.0,60.0,24.1447,67.4497,88.95,12.37
337,san gavino monreale,0.0,IT,1621178576.0,23.0,39.5514,8.7917,85.42,11.5
338,kalmar,90.0,SE,1621178581.0,94.0,56.6616,16.3616,51.8,5.75
339,yar-sale,15.0,RU,1621178586.0,85.0,66.8333,70.8333,27.16,8.41
340,manakara,1.0,MG,1621178592.0,79.0,-22.1333,48.0167,74.35,7.9
341,moose factory,20.0,CA,1621178597.0,81.0,51.2585,-80.6094,41.0,3.44
342,kapit,100.0,MY,1621178602.0,98.0,2.0167,112.9333,75.69,0.27
343,soyo,20.0,AO,1621178607.0,70.0,-6.1349,12.3689,86.0,8.05
344,tolga,0.0,DZ,1621178613.0,18.0,34.7222,5.3785,93.2,3.44
345,bloomington,90.0,US,1621178322.0,82.0,44.8408,-93.2983,59.36,6.91
346,coolum beach,2.0,AU,1621178628.0,92.0,-26.5333,153.1,49.57,1.01
347,pangody,88.0,RU,1621178633.0,47.0,65.85,74.4859,43.47,5.03
348,awbari,0.0,LY,1621178639.0,9.0,26.5921,12.7805,99.48,10.36
349,cimarron hills,40.0,US,1621178644.0,67.0,38.8586,-104.6989,59.05,9.22
350,puerto narino,75.0,CO,1621178649.0,79.0,-3.7703,-70.3831,84.2,5.75
351,yabrud,0.0,SY,1621178654.0,12.0,33.9674,36.6574,78.98,20.71
352,frutal,44.0,BR,1621178660.0,32.0,-20.0247,-48.9406,85.26,4.27
353,minot,1.0,US,1621178665.0,27.0,48.2325,-101.2963,72.64,8.05
354,manama,0.0,BH,1621178670.0,26.0,26.2154,50.5832,95.0,2.3
355,urucara,79.0,BR,1621178675.0,76.0,-2.5364,-57.76,82.89,6.38
356,polunochnoye,42.0,RU,1621178686.0,49.0,60.8697,60.4153,73.24,6.44
357,san joaquin,75.0,US,1621178696.0,82.0,37.9333,-121.3011,57.72,5.75
358,ayr,40.0,GB,1621178702.0,58.0,55.4627,-4.6339,57.2,8.05
359,nampula,40.0,MZ,1621178707.0,61.0,-15.1165,39.2666,79.39,6.91
360,bonthe,48.0,SL,1621178712.0,62.0,7.5264,-12.505,88.11,11.16
361,shawnee,100.0,US,1621178717.0,96.0,39.05,-95.7669,59.2,1.01
362,simao,74.0,CN,1621178723.0,54.0,22.7886,100.9748,69.73,1.72
363,codrington,100.0,AU,1621178728.0,81.0,-38.2667,141.9667,54.45,16.11
364,sergeyevka,52.0,KZ,1621178733.0,33.0,53.88,67.4158,79.2,7.49
365,pisco,90.0,PE,1621178738.0,88.0,-13.7,-76.2167,64.65,5.75
366,lakatoro,14.0,VU,1621178744.0,84.0,-16.0999,167.4164,79.66,6.82
367,kushiro,100.0,JP,1621178749.0,99.0,42.975,144.3747,46.31,8.21
368,bilma,0.0,NE,1621178754.0,5.0,18.6853,12.9164,108.46,3.31
369,kushima,100.0,JP,1621178759.0,100.0,31.4583,131.2333,73.0,8.01
370,ankazobe,20.0,MG,1621178765.0,82.0,-18.3167,47.1167,62.6,8.05
371,aguilas,0.0,ES,1621178770.0,21.0,37.4063,-1.5829,88.12,5.99
372,solnechnyy,20.0,RU,1621178775.0,73.0,50.7214,136.6319,43.79,4.12
373,mana,100.0,GF,1621178786.0,82.0,5.6592,-53.7767,81.41,7.61
374,saint-pierre,0.0,RE,1621178791.0,73.0,-21.3393,55.4781,74.1,2.3
375,alice springs,0.0,AU,1621178796.0,56.0,-23.7,133.8833,42.8,3.44
376,wanaka,42.0,NZ,1621178801.0,82.0,-44.7,169.15,37.65,4.38
377,biscarrosse,90.0,FR,1621178807.0,67.0,44.3945,-1.1672,60.8,16.11
378,matara,79.0,LK,1621178812.0,86.0,5.9485,80.5353,80.64,7.45
379,vardo,75.0,NO,1621178823.0,93.0,70.3705,31.1107,34.7,18.41
380,shahpur,100.0,IN,1621178828.0,78.0,16.7,76.8333,78.19,11.36
381,sayat,0.0,TM,1621178838.0,14.0,38.7839,63.8803,86.0,11.5
382,hay river,100.0,CA,1621178844.0,93.0,60.8156,-115.7999,33.8,4.61
383,kununurra,50.0,AU,1621178849.0,77.0,-15.7667,128.7333,57.2,7.72
384,boyolangu,66.0,ID,1621178775.0,86.0,-8.1181,111.8935,76.35,4.18
385,shache,63.0,CN,1621178859.0,29.0,38.4167,77.2406,68.07,6.17
386,virginia beach,90.0,US,1621178749.0,33.0,36.8529,-75.97800000000001,69.17,4.61
387,wamba,66.0,NG,1621178869.0,45.0,8.9333,8.6,93.4,8.99
388,tura,26.0,IN,1621178875.0,85.0,25.5198,90.2201,74.91,4.52
389,ada,1.0,US,1621178880.0,42.0,43.4166,-116.1262,63.01,4.61
390,gatehouse of fleet,99.0,GB,1621178885.0,87.0,54.882,-4.1843,46.99,1.23
391,baturaja,100.0,ID,1621178891.0,98.0,-4.1333,104.1667,75.0,2.33
392,zlobin,75.0,HR,1621178896.0,82.0,45.2924,14.6541,56.73,11.5
393,touros,40.0,BR,1621178901.0,62.0,-5.1989,-35.4608,86.0,11.5
394,kimbe,100.0,PG,1621178906.0,92.0,-5.5502,150.1429,76.98,4.56
395,mangai,100.0,CD,1621178722.0,60.0,-4.05,19.5333,85.3,1.57
396,budila,34.0,RO,1621178917.0,65.0,45.6667,25.8,62.49,1.43
397,guacimo,0.0,CR,1621178922.0,68.0,10.2104,-83.6807,70.57,4.25
398,elko,100.0,US,1621178927.0,58.0,41.0002,-115.5012,54.91,5.01
399,beyneu,0.0,KZ,1621178932.0,12.0,45.3167,55.2,84.83,19.28
400,magistralnyy,100.0,RU,1621178938.0,45.0,56.1725,107.4458,39.09,3.04
401,andilamena,19.0,MG,1621178943.0,89.0,-17.0167,48.5833,61.23,6.02
402,muisne,90.0,EC,1621178948.0,94.0,0.6,-80.0333,78.8,4.61
403,tazovskiy,8.0,RU,1621178953.0,90.0,67.4667,78.7,19.4,5.41
404,boundiali,76.0,CI,1621178959.0,27.0,9.5217,-6.4869,99.54,6.04
405,omboue,100.0,GA,1621178964.0,88.0,-1.5746,9.2618,78.67,3.6
406,tuquerres,100.0,CO,1621178969.0,91.0,1.0923,-77.6209,49.84,3.53
407,guiren,100.0,CN,1621178974.0,69.0,33.6697,118.1889,56.93,10.18
408,balaipungut,20.0,ID,1621178980.0,89.0,1.05,101.2833,80.6,5.75
409,whitianga,100.0,NZ,1621178985.0,93.0,-36.8333,175.7,62.01,3.0
410,beringovskiy,100.0,RU,1621178990.0,96.0,63.05,179.3167,26.8,2.93
411,verkhoyansk,2.0,RU,1621178995.0,52.0,67.5447,133.385,44.67,3.22
412,acapulco,40.0,MX,1621179001.0,62.0,16.8634,-99.8901,86.0,4.61
413,wanxian,100.0,CN,1621179006.0,93.0,30.8039,108.3897,65.59,3.6
414,guadalajara,1.0,MX,1621178852.0,46.0,20.6667,-103.3333,71.62,4.61
415,freeport,1.0,US,1621178782.0,43.0,40.6576,-73.5832,66.94,9.22
416,carnduff,32.0,CA,1621179021.0,38.0,49.1667,-101.8009,70.0,4.0
417,bilibino,62.0,RU,1621179027.0,94.0,68.0546,166.4372,16.21,4.45
418,zhangjiakou,59.0,CN,1621179032.0,26.0,40.81,114.8794,59.36,3.44
419,nome,1.0,US,1621179037.0,64.0,64.5011,-165.4064,33.39,5.75
420,kamenka,80.0,RU,1621179048.0,59.0,51.3223,42.7678,72.68,5.14
421,novo selo,32.0,MK,1621179053.0,57.0,41.4139,22.8811,70.16,8.9
422,olafsvik,76.0,IS,1621179058.0,55.0,64.8945,-23.7142,39.54,21.39
423,alihe,29.0,CN,1621178937.0,51.0,50.5667,123.7167,49.75,3.58
424,husavik,90.0,IS,1621179068.0,56.0,66.0449,-17.3389,37.4,8.05
425,richards bay,25.0,ZA,1621179074.0,77.0,-28.783,32.0377,71.11,12.66
426,mankono,90.0,CI,1621179079.0,35.0,8.0586,-6.1897,96.08,4.32
427,rena,99.0,NO,1621179084.0,75.0,61.1348,11.3641,51.01,1.01
428,dawei,56.0,MM,1621179089.0,88.0,14.0833,98.2,80.53,0.76
429,palmer,40.0,US,1621179100.0,28.0,42.1584,-72.3287,72.63,9.22
430,rocha,100.0,UY,1621179002.0,48.0,-34.4833,-54.3333,63.9,2.1
431,evensk,100.0,RU,1621179110.0,91.0,61.95,159.2333,30.94,8.41
432,santiago de cao,75.0,PE,1621179115.0,77.0,-7.9589,-79.2392,68.0,10.36
433,sobolevo,71.0,RU,1621179121.0,77.0,54.4299,31.8996,63.95,3.83
434,kloulklubed,90.0,PW,1621179126.0,94.0,7.0419,134.2556,78.8,5.75
435,buckeye,0.0,US,1621179131.0,31.0,33.3703,-112.5838,76.26,5.75
436,ilo,19.0,PE,1621179136.0,74.0,-17.6394,-71.3375,68.31,6.6
437,kudahuvadhoo,100.0,MV,1621179142.0,76.0,2.6708,72.8944,84.52,16.13
438,kavieng,82.0,PG,1621179152.0,80.0,-2.5744,150.7967,82.94,14.97
439,tukrah,10.0,LY,1621179157.0,68.0,32.5341,20.5791,68.04,11.45
440,pangoa,55.0,PE,1621179162.0,60.0,-12.1167,-73.0,81.23,2.1
441,taltal,43.0,CL,1621179168.0,67.0,-25.4,-70.4833,68.77,3.8
442,labuhan,20.0,ID,1621179173.0,83.0,-6.8844,112.2051,78.01,6.29
443,erdenet,16.0,MN,1621178965.0,40.0,49.0333,104.0833,53.37,3.74
444,besikduzu,0.0,TR,1621179183.0,72.0,41.052,39.2284,62.6,8.05
445,coxim,31.0,BR,1621179189.0,25.0,-18.5067,-54.76,94.6,2.95
446,bo phloi,93.0,TH,1621179194.0,68.0,14.3236,99.5161,86.02,3.94
447,antri,94.0,IN,1621179199.0,25.0,26.0567,78.2144,97.5,4.12
448,dogondoutchi,23.0,NE,1621179215.0,9.0,13.6393,4.0287,109.45,15.3
449,yeppoon,2.0,AU,1621179220.0,50.0,-23.1333,150.7333,53.6,4.61
450,black river,20.0,JM,1621179230.0,66.0,18.0264,-77.8487,85.6,12.66
451,totma,15.0,RU,1621179236.0,74.0,59.9747,42.7642,62.89,8.88
452,boa vista,90.0,BR,1621179241.0,83.0,2.8197,-60.6733,78.8,9.22
453,teguise,20.0,ES,1621179246.0,61.0,29.0605,-13.564,77.0,24.16
454,khandbari,93.0,NP,1621179251.0,62.0,27.3747,87.2039,72.86,3.69
455,mehamn,90.0,NO,1621179257.0,87.0,71.0357,27.8492,35.6,9.22
456,flinders,0.0,AU,1621179267.0,56.0,-34.5833,150.8552,53.15,8.99
457,ngaoundere,100.0,CM,1621179272.0,84.0,7.3167,13.5833,71.53,4.29
458,tazmalt,0.0,DZ,1621179278.0,19.0,36.3868,4.3989,93.33,8.66
459,tagusao,86.0,PH,1621179283.0,84.0,9.1924,117.8141,81.19,4.92
460,port arthur,0.0,CN,1621179288.0,63.0,38.8,121.2667,58.6,4.47
461,aripuana,88.0,BR,1621179298.0,49.0,-9.1667,-60.6333,87.31,3.04
462,buala,33.0,SB,1621179304.0,82.0,-8.145,159.5921,80.92,8.1
463,clyde river,20.0,CA,1621179309.0,62.0,70.4692,-68.5914,14.0,3.44
464,mandan,1.0,US,1621179314.0,49.0,46.8267,-100.8896,70.16,16.11
465,tessalit,24.0,ML,1621179320.0,7.0,20.1986,1.0114,109.42,9.42
466,marsa matruh,40.0,EG,1621179325.0,64.0,31.3525,27.2453,71.6,18.41
467,sault sainte marie,20.0,CA,1621179101.0,55.0,46.5168,-84.3333,60.22,9.75
468,nemuro,100.0,JP,1621179335.0,99.0,43.3236,145.575,45.95,20.69
469,talaya,100.0,RU,1621179340.0,87.0,61.3833,152.75,29.71,3.53
470,kuvandyk,42.0,RU,1621179346.0,39.0,51.4781,57.3552,72.16,3.56
471,tabas,0.0,IR,1621179356.0,11.0,33.5959,56.9244,85.06,3.71
472,karratha,0.0,AU,1621179267.0,51.0,-20.7377,116.8463,73.76,5.1
473,nabire,100.0,ID,1621179366.0,91.0,-3.3667,135.4833,77.81,1.79
474,englewood,90.0,US,1621179210.0,76.0,39.6478,-104.9878,56.95,9.22
475,rovaniemi,75.0,FI,1621179382.0,58.0,66.5,25.7167,59.0,6.91
476,alpena,20.0,US,1621179387.0,45.0,45.0617,-83.4327,59.52,5.75
477,high rock,75.0,BS,1621179392.0,54.0,26.6208,-78.2833,82.4,11.5
478,luganville,17.0,VU,1621179397.0,87.0,-15.5333,167.1667,78.04,1.61
479,kayalpattinam,63.0,IN,1621179403.0,67.0,8.5667,78.1167,84.65,8.95
480,orbetello,40.0,IT,1621179172.0,82.0,42.4408,11.2196,62.08,20.71
481,nola,40.0,IT,1621179413.0,68.0,40.922,14.5329,68.31,10.36
482,guerrero negro,44.0,MX,1621179418.0,62.0,27.9769,-114.0611,63.59,14.16
483,dillon,1.0,US,1621179429.0,27.0,34.4166,-79.3712,75.85,3.44
484,araouane,64.0,ML,1621179434.0,6.0,18.9048,-3.5265,112.05,9.55
485,byron bay,0.0,AU,1621179439.0,93.0,-28.65,153.6167,48.47,3.44
486,pingzhuang,76.0,CN,1621179444.0,20.0,42.0372,119.2889,57.72,3.85
487,warwick,75.0,US,1621179168.0,25.0,41.7001,-71.4162,73.8,6.91
488,xining,100.0,CN,1621179455.0,60.0,36.6167,101.7667,47.8,10.51
489,saint andrews,40.0,US,1621179460.0,38.0,34.0454,-81.1293,77.77,9.22
490,mackay,0.0,AU,1621179465.0,87.0,-21.15,149.2,50.67,4.61
491,port hawkesbury,90.0,CA,1621179278.0,66.0,45.6169,-61.3485,46.8,10.36
492,mazamari,85.0,PE,1621179476.0,64.0,-11.3258,-74.5308,81.48,2.44
493,devils lake,1.0,US,1621179481.0,40.0,48.1128,-98.8651,70.43,16.11
494,saint-georges,20.0,GD,1621179491.0,70.0,12.0564,-61.7485,84.2,23.02
495,ondjiva,0.0,AO,1621179496.0,23.0,-17.0667,15.7333,86.0,4.61
496,sorland,0.0,NO,1621179502.0,51.0,67.667,12.6934,59.0,5.75
497,andenes,75.0,NO,1621179507.0,81.0,69.3143,16.1194,44.6,16.11
498,kyshtovka,52.0,RU,1621179512.0,83.0,56.555,76.6271,60.01,7.09
499,inirida,95.0,CO,1621179517.0,93.0,3.8653,-67.9239,77.49,1.68
500,aykhal,100.0,RU,1621179523.0,93.0,66.0,111.5,14.65,25.37
501,lokosovo,100.0,RU,1621179528.0,74.0,61.1333,74.8167,47.86,4.79
502,tonekabon,20.0,IR,1621179533.0,83.0,36.8163,50.8738,71.6,9.22
503,kahului,20.0,US,1621179483.0,78.0,20.8947,-156.47,65.64,6.91
504,udachnyy,100.0,RU,1621179544.0,93.0,66.4167,112.4,16.68,19.84
505,bealanana,4.0,MG,1621179549.0,96.0,-14.55,48.7333,60.31,2.01
506,ndola,7.0,ZM,1621179554.0,52.0,-12.9587,28.6366,66.22,1.5
507,cap-aux-meules,57.0,CA,1621179559.0,66.0,47.3821,-61.8597,50.0,10.36
508,naze,81.0,JP,1621179565.0,89.0,28.3667,129.4833,73.18,12.91
509,sept-iles,75.0,CA,1621179570.0,61.0,50.2001,-66.3821,48.65,14.97
510,la ronge,99.0,CA,1621179575.0,65.0,55.1001,-105.2842,45.5,10.36
511,jieshi,46.0,CN,1621179580.0,85.0,22.8134,115.8257,81.72,9.71
512,lazaro cardenas,8.0,MX,1621179586.0,54.0,17.9583,-102.2,87.53,5.41
513,el reno,90.0,US,1621179474.0,94.0,35.5323,-97.955,66.74,13.8
514,paita,75.0,PE,1621179596.0,78.0,-5.0892,-81.1144,71.6,13.8
515,dongsheng,3.0,CN,1621179601.0,30.0,39.8161,109.9776,54.77,8.43
516,sao joao da barra,75.0,BR,1621179612.0,61.0,-21.6403,-41.0511,78.8,8.43
517,fochville,0.0,ZA,1621179617.0,21.0,-26.4886,27.4939,67.93,5.75
518,novosmolinskiy,20.0,RU,1621179622.0,38.0,56.2841,43.0507,77.0,6.71
519,nizhniye sergi,6.0,RU,1621179627.0,48.0,56.6614,59.3033,69.58,5.1
520,glowno,20.0,PL,1621179633.0,59.0,51.9646,19.7157,60.93,9.22
521,aden,48.0,YE,1621179638.0,59.0,12.7794,45.0367,86.76,34.0
522,havelock,1.0,US,1621179643.0,52.0,34.8791,-76.9013,69.93,5.75
523,ukiah,90.0,US,1621179648.0,82.0,39.1502,-123.2078,57.45,5.75
524,halifax,40.0,CA,1621179620.0,51.0,44.6453,-63.5724,61.93,12.66
525,rimouski,70.0,CA,1621179625.0,87.0,48.4488,-68.524,50.9,3.44
526,lardos,20.0,GR,1621179669.0,73.0,36.0942,28.0157,71.8,14.97
527,waingapu,10.0,ID,1621179674.0,76.0,-9.6567,120.2641,75.81,10.76
528,strelka,40.0,RU,1621179679.0,55.0,58.0728,93.0344,38.86,3.85
529,lisala,81.0,CD,1621179670.0,66.0,2.15,21.5167,81.9,3.18
530,lakselv,75.0,NO,1621179690.0,93.0,70.0513,24.9718,37.4,5.75
531,mendeleyevsk,0.0,RU,1621179695.0,23.0,55.9082,52.2905,84.2,6.71
532,marawi,96.0,PH,1621179700.0,82.0,7.9986,124.2928,82.0,0.98
533,miles city,1.0,US,1621179705.0,63.0,46.4083,-105.8406,59.0,5.75
534,mount gambier,40.0,AU,1621179711.0,93.0,-37.8333,140.7667,51.8,11.5
535,mamallapuram,20.0,IN,1621179721.0,79.0,12.6264,80.1722,85.08,5.75
536,pasni,4.0,PK,1621179731.0,77.0,25.2631,63.471000000000004,84.02,8.03
537,victor harbor,56.0,AU,1621179737.0,79.0,-35.5667,138.6167,55.99,8.1
538,nalut,92.0,LY,1621179742.0,8.0,30.3333,10.85,94.96,7.87
539,yaroslavskiy,100.0,RU,1621179747.0,59.0,44.1683,132.2072,55.99,1.83
540,curuguaty,0.0,PY,1621179752.0,36.0,-24.4694,-55.6945,84.38,3.24
541,evanston,40.0,US,1621179758.0,48.0,42.0411,-87.6901,66.33,3.44
542,mococa,75.0,BR,1621179763.0,68.0,-21.4678,-47.0047,71.08,6.8
543,paracuru,95.0,BR,1621179768.0,68.0,-3.41,-39.0306,82.99,17.0
544,gravdal,0.0,NO,1621179773.0,51.0,68.1214,13.5031,59.0,5.75
545,mayor pablo lagerenza,100.0,PY,1621179779.0,41.0,-19.9309,-60.7718,84.45,5.75
546,anadyr,0.0,RU,1621179784.0,69.0,64.75,177.4833,35.6,11.18
547,mezen,100.0,RU,1621179789.0,70.0,65.8522,44.24,55.89,8.93
548,avanigadda,20.0,IN,1621179794.0,84.0,16.0215,80.9181,84.2,3.44
549,puerto carreno,69.0,CO,1621179800.0,69.0,6.189,-67.4859,84.74,8.23
550,aldan,100.0,RU,1621179810.0,91.0,58.6031,125.3894,34.11,11.27
551,finschhafen,100.0,PG,1621179815.0,78.0,-6.6024,147.8681,80.35,7.92
552,berdigestyakh,99.0,RU,1621179794.0,96.0,62.0989,126.6992,43.45,3.02
553,san martin,40.0,AR,1621179826.0,59.0,-33.080999999999996,-68.4681,60.8,5.75
554,mabaruma,90.0,GY,1621179831.0,53.0,8.2,-59.7833,87.01,5.26
555,eureka,90.0,US,1621179836.0,93.0,40.8021,-124.1637,47.32,4.61
556,spring hill,1.0,US,1621179841.0,41.0,28.4769,-82.5255,80.53,11.5
557,nushki,4.0,PK,1621179847.0,12.0,29.5542,66.0215,84.63,8.41
558,tavda,53.0,RU,1621179857.0,40.0,58.0425,65.2726,74.39,6.85
559,matagami,20.0,CA,1621179862.0,45.0,49.7502,-77.6328,64.4,10.36
560,yaan,84.0,NG,1621179867.0,56.0,7.3833,8.5667,88.29,7.96
561,rudnya,20.0,RU,1621179873.0,43.0,54.946999999999996,31.0934,71.6,6.71
562,sayyan,95.0,YE,1621179878.0,53.0,15.1718,44.3244,65.53,4.63
